{
  "success": true,
  "outcome": "INDETERMINATE",
  "solver_id": "COMPETING_SOLVER_CONSENSUS",
  "solver_version": "1.0.0",
  "certificate": {
    "certificate_id": "sha256:c0e2a189d9e7a38d7bad8d26743d38956acca81415fb411d202771d8ecc6a11c",
    "intent_id": "fixture-2-missing-evidence",
    "outcome": "INDETERMINATE",
    "evidence_chain": {
      "blueprint_id": "blueprint-fixture-2-missing-evidence",
      "audit_id": "audit-fixture-2-missing-evidence",
      "audit_replay_hash": "0adea9a281ca97055fe11f579db65afcda8e899bb93e4441ec8810afd1309346",
      "rule_hash": "sha256:test-rules"
    },
    "domain": "governance",
    "pillar": "regulatory",
    "requested_action": "TEST_ACTION",
    "policy_compliance": {
      "competing_solvers": {
        "policy_version": "1.0.0",
        "solvers_agreed": true,
        "divergences": [],
        "enforcement": "HARD",
        "violations": []
      },
      "dispute_resolution": {
        "policy_version": "1.0.0",
        "replay_verified": true,
        "allowed_outcomes_only": true,
        "enforcement": "HARD",
        "violations": []
      },
      "controlled_supersession": {
        "policy_version": "1.0.0",
        "append_only": true,
        "supersession_approved": false,
        "enforcement": "HARD",
        "violations": []
      },
      "decentralized_operations": {
        "policy_version": "1.0.0",
        "distributed_verification": true,
        "no_single_authority": true,
        "enforcement": "HARD",
        "violations": []
      }
    },
    "issued_at": 0,
    "valid_until": 0,
    "issuing_authority": "COMPETING_SOLVER_CONSENSUS",
    "governance_binding": {
      "genesis_hash": "sha256:45162862f5360bfd2dfebd5646caa97cc3a400c38e9563e4bea142e43ae70f1a",
      "authority_role": "solver-authority",
      "policy_version": "1.0.0"
    }
  },
  "errors": [],
  "warnings": [],
  "deterministic": true,
  "replayable": true,
  "executed_at": 0
}